name,email,phone_number,user_id,pin_code
ABBY ANDRE TRUDALE,AABBY@COCA-COLA.COM,,,
ADAIR JAY,JAYADAIR@COCA-COLA.COM,,,
ADENODI ADEDEJI,AADENODI@COCA-COLA.COM,,,
ADKINS JONATHAN,JONADKINS@COCA-COLA.COM,,,
AKINS ERIC,ERAKINS@COCA-COLA.COM,,,
ALEXANDER PEARLIE,PEALEXANDER@COCA-COLA.COM,,,
ANDERSON DAN,DAN.ANDERSON@COCA-COLA.COM,,,
ARMSTRONG TRAVIS,TRAVIS.ARMSTRONG@COCA-COLA.COM,,,
AVANT FRANKLIN,FAVANT@COCA-COLA.COM,,,
BAKER GLENN,BIBAKER@COCA-COLA.COM,,,
BALDWIN THOMAS,THBALDWIN@COCA-COLA.COM,,,
BARKER PERNELL,PBARKER@COCA-COLA.COM,,,
BHARATH D'JON,DBHARATH@COCA-COLA.COM,,,
BIGGS AUNDERA,ABIGGS@COCA-COLA.COM,,,
BLASINGAME BOBBIEDEE,BBLASINGAME@COCA-COLA.COM,,,
BORNE HILTON,HBORNE@COCA-COLA.COM,,,
BORRAS PATINO PAULA,BORRASPATINO@COCA-COLA.COM,,,
BOTTOMS WILLIAM,WBOTTOMS@COCA-COLA.COM,,,
BOYD CERITA,CEBOYD@COCA-COLA.COM,,,
BRADFORD CURTIS,CBRADFORD@COCA-COLA.COM,,,
BRAXTON JIMMY,JBRAXTON@COCA-COLA.COM,,,
BROWNING KENNETH,KENBROWNING@COCA-COLA.COM,,,
BUSH TIMOTHY,TIBUSH@COCA-COLA.COM,,,
CALHOUN DIMETRI,DICALHOUN@COCA-COLA.COM,,,
CALHOUN RAYSHUN,RACALHOUN@COCA-COLA.COM,,,
CAMERON CONNELL,COCAMERON@COCA-COLA.COM,,,
CARSON CICELY,CICCARSON@COCA-COLA.COM,,,
CARTER CLENON E,CLCARTER@COCA-COLA.COM,,,
CARTER MICHAEL,MICHACARTER@COCA-COLA.COM,,,
CHANDLER JOSEPH,JOCHANDLER@COCA-COLA.COM,,,
CHARLES JAY,JACHARLES@COCA-COLA.COM,,,
CLARK JUSTIN A,JUSCLARK@COCA-COLA.COM,,,
CLINE RONNIE,RCLINE@COCA-COLA.COM,,,
COCHRAN DANNY,DCOCHRAN@COCA-COLA.COM,,,
COFER A.,ACOFER@COCA-COLA.COM,,,
COLEY THOMAS,THCOLEY@COCA-COLA.COM,,,
COLLORA DAN,DCOLLORA@COCA-COLA.COM,,,
COLSON ODESSA,OCOLSON@COCA-COLA.COM,,,
COPELAND WILLIE,WICOPELAND@COCA-COLA.COM,,,
CORNELIUS DAMIEN,DACORNELIUS@COCA-COLA.COM,,,
CROWTHER KENDAL,KENDCROWTHER@COCA-COLA.COM,,,
DANIELS MICHAEL,MICDANIELS@COCA-COLA.COM,,,
DAVIS LANIER,LANDAVIS@COCA-COLA.COM,,,
DAVIS WILLIE,WIDAVIS@COCA-COLA.COM,,,
DAYS JOSEPH,JDAYS@COCA-COLA.COM,,,
DIAMOND JABARI,JDIAMOND@COCA-COLA.COM,,,
DIXON GLEN,GDIXON@COCA-COLA.COM,,,
DORSEY RONNIE,RODORSEY@COCA-COLA.COM,,,
DOUGLAS ROBERT,RODOUGLAS@COCA-COLA.COM,,,
DOWDY WILLIAM,WDOWDY@COCA-COLA.COM,,,
DRAKE DARRY,DADRAKE@COCA-COLA.COM,,,
DUGARTE RENE,RDUGARTE@COCA-COLA.COM,,,
DUKES LEIGH A.,LDUKES@COCA-COLA.COM,,,
ECHOLS ISAIAH,IECHOLS@COCA-COLA.COM,,,
ENYART LESTER JOSEPH,LENYART@COCA-COLA.COM,,,
FLANNERY CORY,CFLANNERY@COCA-COLA.COM,,,
FRASER DAYNE,DAYFRASER@COCA-COLA.COM,,,
FUQUA ERIC CHARLES,EFUQUA@COCA-COLA.COM,,,
GADSON JOCELYN,JOGADSON@COCA-COLA.COM,,,
GARBA MUSTAPHA B,MUGARBA@COCA-COLA.COM,,,
GARNER-HAYLES HEATHER,HHAYLES@COCA-COLA.COM,,,
GREEN WILLIE,WILGREEN@COCA-COLA.COM,,,
HALE ROBERT,RHALE@COCA-COLA.COM,,,
HALL CEDRIC,CEHALL@COCA-COLA.COM,,,
HALL FAITH,FAHALL@COCA-COLA.COM,,,
HALL PETER,PEHALL@COCA-COLA.COM,,,
HARRIS JAMES,JHARRIS2@COCA-COLA.COM,,,
HERRINGTON MONIQUE,MHERRINGTON@COCA-COLA.COM,,,
HICKSON KIMBERLY,KHICKSON@COCA-COLA.COM,,,
HICKSON LEROY,LEHICKSON@COCA-COLA.COM,,,
HIPPS MICHAEL B.,MHIPPS@COCA-COLA.COM,,,
HODGE CHRISTIAN,CHODGE@COCA-COLA.COM,,,
HOKE CHRISTOPHER,CHRISTOPHERHOKE@COCA-COLA.COM,,,
HOLLOMON JIMMY,JHOLLOMON@COCA-COLA.COM,,,
HONRADO CHRIS,CHONRADO@COCA-COLA.COM,,,
HOPGOOD RODNEY,RHOPGOOD@COCA-COLA.COM,,,
HUGHLEY JOSHUA,JHUGHLEY@COCA-COLA.COM,,,
ISRAEL HANANIAH JOSHUA,HAISRAEL@COCA-COLA.COM,,,
JACKSON GREGORY S,GREGJACKSON@COCA-COLA.COM,,,
JACKSON PHILLIP,PHJACKSON@COCA-COLA.COM,,,
JACKSON RODRICK,RODRJACKSON@COCA-COLA.COM,,,
JOHNSON AMELIA,AMEJOHNSON@COCA-COLA.COM,,,
JONES CRISTAVIA,CRISTJONES@COCA-COLA.COM,,,
JONES KEVIN,KEVINJONES@COCA-COLA.COM,,,
JONES NATHAN,NATHJONES@COCA-COLA.COM,,,
JONES RODNEY,RODNEJONES@COCA-COLA.COM,,,
KIDD DOUG,DOKIDD@COCA-COLA.COM,,,
KILGORE JOHN,JOHN.KILGORE@COCA-COLA.COM,,,
KING JOHN,KING2@COCA-COLA.COM,,,
KING MIGUEL,MIGKING@COCA-COLA.COM,,,
KING RONNIE,RONNKING@COCA-COLA.COM,,,
LAWRENCE DELBERT,DELAWRENCE@COCA-COLA.COM,,,
LEE WEI DAVID,WELEE@COCA-COLA.COM,,,
LEGREE ASHLEY,ASLEGREE@COCA-COLA.COM,,,
LEUNG DONAVAN,DONLEUNG@COCA-COLA.COM,,,
LEWIS ANGELA,ANGELAERLEWIS@COCA-COLA.COM,,,
LEWIS TERRENCE,TERLEWIS@COCA-COLA.COM,,,
LINDERMAN DUSTIN,DLINDERMAN@COCA-COLA.COM,,,
LIPSCOMB LAFAYETTE,LLIPSCOMB@COCA-COLA.COM,,,
LUCIER DWAYNE,DWLUCIER@COCA-COLA.COM,,,
MARTIN CORENA,COREMARTIN@COCA-COLA.COM,,,
MAY MONA,MONMAY@COCA-COLA.COM,,,
MAYES TAVARIS,TAMAYES@COCA-COLA.COM,,,
MCCRAY SHAMARIE,SHAMCCRAY@COCA-COLA.COM,,,
MCGHEE JAMIE L,JAMCGHEE@COCA-COLA.COM,,,
MCIVER DEBORAH CASEY,DEBORAHMCIVER@COCA-COLA.COM,,,
MCQUEEN NADJA,NMCQUEEN@COCA-COLA.COM,,,
MCWILLIAMS JAMES,JMCWILLIAMS@COCA-COLA.COM,,,
MILLER RODNEY B.,RODNEMILLER@COCA-COLA.COM,,,
MONTGOMERY DAVID,DAMONTGOMERY@COCA-COLA.COM,,,
MOSS STANLISHIO,STAMOSS@COCA-COLA.COM,,,
MULLABU JERRY,JMULLABU@COCA-COLA.COM,,,
NAJACQUE REMORTH,RNAJACQUE@COCA-COLA.COM,,,
NEVILLE JOHN R,JONEVILLE@COCA-COLA.COM,,,
OBRIEN DENEAN,DENOBRIEN@COCA-COLA.COM,,,
OBRIEN MICHAEL,MICHOBRIEN@COCA-COLA.COM,,,
OVERSTREET MELISSA,MEOVERSTREET@COCA-COLA.COM,,,
PARRAMORE JEFF,JEPARRAMORE@COCA-COLA.COM,,,
PATTERSON ANTHONY,ANPATTERSON@COCA-COLA.COM,,,
PHILLIPS ALEXANDER C,ALEPHILLIPS@COCA-COLA.COM,,,
PITMAN BRANDI,BRPITMAN@COCA-COLA.COM,,,
POWERS SHARON,SHPOWERS@COCA-COLA.COM,,,
RAPIER KORI,KRAPIER@COCA-COLA.COM,,,
RILEY JONATHAN,JONRILEY@COCA-COLA.COM,,,
ROBLEDO TOMAS,TROBLEDO@COCA-COLA.COM,,,
ROMELUS LAMITHE,LROMELUS@COCA-COLA.COM,,,
ROSS TIMOTHY,TIMROSS@COCA-COLA.COM,,,
SAWYER ANTHONY,ANTHOSAWYER@COCA-COLA.COM,,,
SCHUMANN EDMUNDO,EDSCHUMANN@COCA-COLA.COM,,,
SEGOVIA ALEJANDRO,ASEGOVIA@COCA-COLA.COM,,,
SHARPE JAMES BURTON,JASHARPE@COCA-COLA.COM,,,
SHAW GENE,GESHAW@COCA-COLA.COM,,,
SINCLAIR ANDREW,ASINCLAIR@COCA-COLA.COM,,,
SINCLAIR JONATHAN,JOSINCLAIR@COCA-COLA.COM,,,
SPIVEY ANDREA,ASPIVEY@COCA-COLA.COM,,,
STEAVENS DARRION,DSTEAVENS@COCA-COLA.COM,,,
STEWART LEMUEL,LEMSTEWART@COCA-COLA.COM,,,
STEWART RODNEY,RODSTEWART@COCA-COLA.COM,,,
STODGHILL ANTHONY,ASTODGHILL@COCA-COLA.COM,,,
STROUD DWIGHT,DSTROUD@COCA-COLA.COM,,,
STURINO TOM,TOSTURINO@COCA-COLA.COM,,,
T C,CRYTHOMAS@COCA-COLA.COM,,,
TAYLOR MARNEZS,MARNTAYLOR@COCA-COLA.COM,,,
THATCH SEAN,STHATCH@COCA-COLA.COM,,,
THOMAS TREMEON,TREMETHOMAS@COCA-COLA.COM,,,
WAGNER JAPETH,JAPWAGNER@COCA-COLA.COM,,,
WALKER ANGELIA,ANGWALKER@COCA-COLA.COM,,,
WALLER KEVIN B,KEVIWALLER@COCA-COLA.COM,,,
WALTON SHINIKA,SHWALTON@COCA-COLA.COM,,,
WARD LOUIS,LWARD@COCA-COLA.COM,,,
WARREN JR DARRYL,DWARRENJR@COCA-COLA.COM,,,
WASHINGTON ALFONZO G,ALFWASHINGTON@COCA-COLA.COM,,,
WATKINS ANTONIO,ANTOWATKINS@COCA-COLA.COM,,,
WEATHERSPOON JEREMY,JEWEATHERSPOON@COCA-COLA.COM,,,
WEAVER LETEDRA,LETWEAVER@COCA-COLA.COM,,,
WEBSTER RUSSELL,RUSSWEBSTER@COCA-COLA.COM,,,
WHITAKER YUSONDA,YWHITAKER@COCA-COLA.COM,,,
WILBURN JARVIS,JWILBURN@COCA-COLA.COM,,,
WILKAS JORDYN,JWILKAS@COCA-COLA.COM,,,
WILLEY RYAN,RWILLEY@COCA-COLA.COM,,,
WILLINGHAM MARCUS PRENTICE,MAWILLINGHAM@COCA-COLA.COM,,,
WILSON AVA MARIA,AVWILSON@COCA-COLA.COM,,,
WITHERS JEREL,JEWITHERS@COCA-COLA.COM,,,
WOODS KEITHA,KEITWOODS@COCA-COLA.COM,,,
WYNN MARICHAL,MAWYNN@COCA-COLA.COM,,,
YAO OUROH,OYAO@COCA-COLA.COM,,,
YARBROUGH BOBBY,BYARBROUGH@COCA-COLA.COM,,,
YEAGER RICHARD,RIYEAGER@COCA-COLA.COM,,,
Helen Bradley,mhanoh@optonline.net,,,
Richard Arias,wortmanj@outlook.com,,,
Aleah Boyd,fbriere@comcast.net,,,
Dean Bean,sburke@gmail.com,,,
Jenesis Gilbert,kmiller@att.net,,,
Tobias Valdez,portscan@aol.com,,,
Diana Miller,schwaang@live.com,,,
Benjamin Lane,galbra@verizon.net,,,
Amy Doyle,evans@yahoo.ca,,,
Kashton Ruiz,dbindel@outlook.com,,,
Emery Zimmerman,amichalo@aol.com,,,
Sergio Klein,flakeg@sbcglobal.net,,,
Elianna Stanton,ryanshaw@me.com,,,
Zyair Roman,fudrucker@yahoo.ca,,,
Astrid Jenkins,jnolan@mac.com,,,
Declan Quinn,sakusha@verizon.net,,,
Heaven Martin,giafly@mac.com,,,
Mateo Salinas,bescoto@yahoo.com,,,
Royalty Ahmed,wbarker@hotmail.com,,,
Harry English,vertigo@msn.com,,,
Kelly Valdez,scotfl@msn.com,,,
Kyler Nolan,kourai@sbcglobal.net,,,
Itzayana Pearson,raides@optonline.net,,,
Gunner Molina,mastinfo@icloud.com,,,
Alexandria Stevens,dgriffith@yahoo.ca,,,
Zachary Callahan,seebs@msn.com,,,
Kimber Henry,arebenti@me.com,,,
Carlos Parks,spadkins@optonline.net,,,
Ainsley Heath,ilyaz@sbcglobal.net,,,
Lionel Patterson,geoffr@me.com,,,
Kaylee Roman,crowl@outlook.com,,,
Kian Salazar,suresh@mac.com,,,
Freya McKinney,kenja@verizon.net,,,
Romeo Booker,miyop@outlook.com,,,
Nataly Cordova,choset@aol.com,,,
Vicente Ponce,chaffar@outlook.com,,,
Aileen Daugherty,lishoy@yahoo.ca,,,
Turner Roy,fatelk@verizon.net,,,
Savanna Beasley,miyop@outlook.com,,,
Stanley Chandler,engelen@yahoo.ca,,,
Viviana Felix,ismail@verizon.net,,,
Rodney Correa,amichalo@mac.com,,,
Valery Paul,bcevc@hotmail.com,,,
Noel Cummings,rhavyn@sbcglobal.net,,,
Nylah Cannon,wildfire@verizon.net,,,
Archie Gibbs,arandal@att.net,,,
Carter Ellis,wiseb@att.net,,,
Cole Everett,yfreund@yahoo.ca,,,
Noah Owens,gavollink@optonline.net,,,
Adriel Buchanan,gtewari@aol.com,,,
Maryam Bullock,fmtbebuck@aol.com,,,
Ben Moses,natepuri@aol.com,,,
Karter Allison,gslondon@aol.com,,,
Dennis Hull,murdocj@me.com,,,
Andi Case,lydia@gmail.com,,,
Bentlee Sloan,sisyphus@verizon.net,,,
Selene Vaughan,amcuri@gmail.com,,,
Castiel Mahoney,magusnet@live.com,,,
Promise Yang,scarolan@msn.com,,,
Malcolm Villegas,dleconte@yahoo.com,,,
Jessie Zimmerman,kourai@yahoo.ca,,,
Sergio Jaramillo,lbecchi@hotmail.com,,,
Guadalupe Olsen,bflong@outlook.com,,,
Skyler Allison,report@me.com,,,
Chelsea Huff,draper@optonline.net,,,
Finnley Shields,tbusch@msn.com,,,
Analia Bailey,esbeck@msn.com,,,
Axel Harrison,rcwil@hotmail.com,,,
Jasmine Cameron,kludge@me.com,,,
Rayan Hogan,pizza@gmail.com,,,
Kathryn Booker,thassine@icloud.com,,,
Dominik Berger,mallanmba@verizon.net,,,
Laylah Rice,dkasak@icloud.com,,,
Graham Weeks,hahiss@yahoo.ca,,,
Karen Knapp,noneme@hotmail.com,,,
Boden Hoffman,benits@gmail.com,,,
Aspen Klein,yruan@me.com,,,
Marco Mason,burns@yahoo.ca,,,
Sienna Woodward,pontipak@gmail.com,,,
Jeremias Duffy,jugalator@verizon.net,,,
Addisyn Estes,parksh@verizon.net,,,
Hakeem Juarez,seanq@hotmail.com,,,
Juliet Cuevas,nanop@me.com,,,
Brecken Morgan,gbacon@live.com,,,
Delilah Guerrero,nogin@att.net,,,
Bryce Moss,aaribaud@comcast.net,,,
Bianca Miles,jrifkin@mac.com,,,
Jared Bautista,satch@att.net,,,
Antonella Bailey,frederic@comcast.net,,,
Axel Rubio,dawnsong@icloud.com,,,
Hadassah Wilkinson,dkasak@outlook.com,,,
Leonard Copeland,microfab@mac.com,,,
Dayana Cunningham,draper@optonline.net,,,
Alejandro Oliver,jesse@msn.com,,,
Camille Fowler,skajan@verizon.net,,,
Kameron Reilly,parents@aol.com,,,
Tori Stein,isaacson@yahoo.com,,,
Creed Hines,jeteve@me.com,,,
Poppy Sampson,jimxugle@yahoo.ca,,,
Cain Nash,bowmanbs@icloud.com,,,
Novah Watson,zilla@optonline.net,,,
Greyson Baker,msusa@mac.com,,,
Isla Klein,crandall@comcast.net,,,
Marco Hodge,gator@att.net,,,
Coraline Hines,mailarc@comcast.net,,,
Uriel Gillespie,goresky@outlook.com,,,
Alianna Bonilla,epeeist@verizon.net,,,
Aden Little,rkobes@mac.com,,,
Harley Hughes,gavollink@me.com,,,
Everett Riley,staikos@mac.com,,,
Kayla Mosley,timlinux@outlook.com,,,
Rayden Caldwell,ijackson@icloud.com,,,
Evelynn Branch,szymansk@mac.com,,,
Keenan Stone,choset@optonline.net,,,
Catalina Weber,tellis@yahoo.com,,,
Crew Romero,miyop@outlook.com,,,
Eliza Thomas,miyop@yahoo.com,,,
Logan Hopkins,seemant@icloud.com,,,
Gabriela Spence,mkearl@verizon.net,,,
Cillian Campos,frikazoyd@hotmail.com,,,
Sutton Zimmerman,whimsy@optonline.net,,,
Sergio Robinson,kayvonf@msn.com,,,
Nora Nash,crobles@yahoo.ca,,,
Chandler Henson,mcnihil@att.net,,,
Kinslee Parks,melnik@live.com,,,
Gianni Lester,kmiller@gmail.com,,,
Averi Franklin,lahvak@yahoo.ca,,,
Simon Cabrera,alfred@optonline.net,,,
Daleyza Hamilton,terjesa@yahoo.com,,,
Jason Terry,curly@outlook.com,,,
Wren Walker,nullchar@hotmail.com,,,
Luke Anthony,kmself@aol.com,,,
Macy McLean,garland@hotmail.com,,,
Crosby Brandt,jgmyers@verizon.net,,,
Loretta Edwards,haddawy@aol.com,,,
Adrian Lucas,ryanvm@msn.com,,,
Phoenix Craig,hwestiii@comcast.net,,,
Odin Weaver,oracle@live.com,,,
Teagan Woodward,ngedmond@aol.com,,,
Jeremias Wilson,uraeus@gmail.com,,,
Luna McCoy,kimvette@att.net,,,
Jett Schmidt,flakeg@aol.com,,,
Kimberly Kaur,jdray@outlook.com,,,
Augustine Cortes,killmenow@mac.com,,,
Lea Sanders,choset@gmail.com,,,
Jose Donovan,hamilton@gmail.com,,,
Azariah Walter,rhialto@live.com,,,
Lochlan Barr,engelen@hotmail.com,,,
Noemi Clarke,ournews@sbcglobal.net,,,
Stetson Francis,frosal@icloud.com,,,
Daniella Strong,kassiesa@msn.com,,,
Axl Ventura,petersen@yahoo.com,,,
Zora Richards,grossman@mac.com,,,
Holden Barnes,bjornk@gmail.com,,,
Liliana Sullivan,bester@yahoo.com,,,
Evan Farley,bogjobber@verizon.net,,,
Wrenley Archer,pedwards@yahoo.ca,,,
Ephraim Chavez,amichalo@comcast.net,,,
Nevaeh Boyd,horrocks@me.com,,,
Dean Barrett,fraterk@yahoo.com,,,
Kendall Lugo,staffelb@verizon.net,,,
Santos Bartlett,adillon@yahoo.ca,,,
Aubrielle Hudson,ivoibs@sbcglobal.net,,,
Peter Stout,skaufman@optonline.net,,,
Chana Gibson,sjmuir@icloud.com,,,
Tyler Trejo,linuxhack@msn.com,,,
Rosalyn Garner,rgarton@optonline.net,,,
Sage Gibbs,sburke@icloud.com,,,
Carter Sims,cliffordj@mac.com,,,
Brian Willis,library@outlook.com,,,
Alexa Cobb,aschmitz@comcast.net,,,
Raphael Hoffman,rnelson@verizon.net,,,
Aspen Richards,stevelim@verizon.net,,,
Holden Adkins,carroll@gmail.com,,,
Emelia Brady,johnh@msn.com,,,
Reed Mora,dkeeler@verizon.net,,,
Jemma Chang,kimvette@icloud.com,,,
Ari Cordova,jhardin@hotmail.com,,,
Florence Foster,hllam@icloud.com,,,
Kayden Yates,sakusha@live.com,,,
Charley Sierra,jrkorson@verizon.net,,,
Dayton Hayden,bwcarty@me.com,,,
Avayah Brown,wildixon@yahoo.ca,,,
Elijah Atkinson,sscorpio@sbcglobal.net,,,
Jazmin McLean,lishoy@optonline.net,,,
Crosby Randall,tamas@mac.com,,,
Christina Curry,skoch@verizon.net,,,
Briggs Leblanc,bolow@live.com,,,
Novalee Simpson,willg@mac.com,,,
Elliott Atkins,kramulous@icloud.com,,,
Mina Murphy,gospodin@me.com,,,
Cameron Ventura,scottzed@me.com,,,
Zora Lyons,feamster@sbcglobal.net,,,
Cyrus Best,noticias@comcast.net,,,
Lexie Freeman,haddawy@msn.com,,,
Jayce Olson,maratb@optonline.net,,,
Isabel Avery,darin@aol.com,,,
Jakari McPherson,lauronen@sbcglobal.net,,,
Emmaline Benjamin,formis@sbcglobal.net,,,
Kyro Horne,smeier@yahoo.com,,,
Marlowe Dickson,reziac@yahoo.com,,,
Maxton Terrell,vganesh@att.net,,,
Paityn George,murdocj@comcast.net,,,
Mark Barron,wmszeliga@sbcglobal.net,,,
Anya Peck,demmel@hotmail.com,,,
Yousef Valdez,alhajj@att.net,,,
Diana Duarte,pemungkah@hotmail.com,,,
Abdullah Sampson,mschwartz@msn.com,,,
Meilani Faulkner,jacks@optonline.net,,,
Jabari Benjamin,anicolao@comcast.net,,,
Jianna Guerrero,sagal@yahoo.com,,,
Bryce McCann,erynf@yahoo.ca,,,
Joyce Henry,webinc@sbcglobal.net,,,
Carlos Reed,ijackson@msn.com,,,
Valentina Luna,monopole@comcast.net,,,
Erick McDonald,psichel@yahoo.ca,,,
Daisy Castaneda,chance@optonline.net,,,
Collin Richardson,lbaxter@comcast.net,,,
Allison Potter,ahmad@sbcglobal.net,,,
Lucca Espinoza,moxfulder@hotmail.com,,,
Lucille Compton,ewaters@yahoo.com,,,
Abner Graham,thomasj@verizon.net,,,
Alaia Conley,mfleming@optonline.net,,,
Marvin Stokes,naupa@yahoo.ca,,,
Miranda McLaughlin,isotopian@yahoo.com,,,
Ibrahim Glass,hutton@sbcglobal.net,,,
Clare Huang,camenisch@att.net,,,
Ayaan Maxwell,njpayne@gmail.com,,,
Kyla Gallagher,cmdrgravy@comcast.net,,,
Marcos Reyes,twoflower@outlook.com,,,
Audrey Wilson,nelson@optonline.net,,,
Daniel Benson,osrin@aol.com,,,
Collins Bonilla,jaxweb@verizon.net,,,
Aden Delarosa,jespley@icloud.com,,,
Iyla Dodson,mcast@msn.com,,,
Seven Smith,isaacson@att.net,,,
Olivia Acosta,qmacro@yahoo.ca,,,
Jensen Villa,osrin@gmail.com,,,
Johanna Ryan,lishoy@msn.com,,,
Timothy Delgado,aegreene@outlook.com,,,
Alani Avila,garland@yahoo.ca,,,
Jaylen Burgess,skoch@msn.com,,,
Emory Meadows,comdig@mac.com,,,
Wayne Estrada,jkegl@me.com,,,
Sawyer Cole,jcholewa@yahoo.com,,,
Nathaniel Case,jorgb@gmail.com,,,
Cleo Adkins,storerm@mac.com,,,
Kylo Dennis,hutton@outlook.com,,,
Maisie Dalton,killmenow@comcast.net,,,
Fletcher Shepherd,staffelb@outlook.com,,,
Katalina Dorsey,jimmichie@gmail.com,,,
Enoch Daniel,falcao@msn.com,,,
Joy Casey,barjam@msn.com,,,
Armando Rich,spadkins@att.net,,,
Sunny Browning,boser@me.com,,,
Rohan Stafford,hampton@live.com,,,
Bridget Skinner,twoflower@aol.com,,,
Ridge Lambert,gerlo@optonline.net,,,
Nina Schmitt,attwood@verizon.net,,,
Murphy Dalton,malvar@yahoo.ca,,,
Lilian Beasley,ganter@hotmail.com,,,
Stanley Bullock,jbearp@sbcglobal.net,,,
Winnie Harrell,mmccool@optonline.net,,,
Nelson Blackburn,webinc@aol.com,,,
Frida Ellis,teverett@mac.com,,,
Cole Reeves,notaprguy@icloud.com,,,
Lana Tanner,imightb@yahoo.com,,,
Bruno Shah,yangyan@gmail.com,,,
Angelica Barajas,burns@gmail.com,,,
Brennan Jordan,mallanmba@outlook.com,,,
Adalynn Beard,gemmell@hotmail.com,,,
Nathanael Strong,bjoern@live.com,,,
Margo George,hutton@hotmail.com,,,
Mark Mahoney,jbarta@live.com,,,
Promise McPherson,mgemmons@msn.com,,,
Foster Cortes,njpayne@att.net,,,
Lea Henderson,murty@verizon.net,,,
Beau Snow,wsnyder@icloud.com,,,
Alexia Boyer,heidrich@comcast.net,,,
Zeke Barton,ryanvm@mac.com,,,
Danna Mullen,ehood@me.com,,,
Shepard Carr,library@sbcglobal.net,,,
Rowan Lindsey,marin@gmail.com,,,
Jayson Rocha,kmiller@live.com,,,
Emmie Barrera,phizntrg@optonline.net,,,
Makai Vaughn,willg@outlook.com,,,
Reign Frederick,wagnerch@optonline.net,,,
Kase Cannon,dwsauder@yahoo.ca,,,
Noa Hubbard,claesjac@msn.com,,,
Forrest Clark,tlinden@live.com,,,
Chloe Johnson,mrsam@me.com,,,
Noah Dickerson,jcholewa@icloud.com,,,
Opal Fernandez,bolow@icloud.com,,,
Bentley Cohen,iapetus@outlook.com,,,
Destiny Dalton,nighthawk@att.net,,,
Fletcher Monroe,treit@comcast.net,,,
Carly Hahn,bwcarty@me.com,,,
Kabir West,rjones@msn.com,,,
Remi Arias,microfab@yahoo.com,,,
Alec McCann,msusa@yahoo.ca,,,
Joyce Bowen,goldberg@icloud.com,,,
Trevor Hanson,bogjobber@msn.com,,,
Mariana Morris,ournews@me.com,,,
Christian Sweeney,gilmoure@live.com,,,
Yara Saunders,privcan@hotmail.com,,,
Kasen Reese,pjacklam@yahoo.ca,,,
Rosemary Greene,parrt@hotmail.com,,,
Griffin Patton,rohitm@msn.com,,,
Lorelei Travis,starstuff@mac.com,,,
Willie Charles,jemarch@comcast.net,,,
Jenna Francis,chaki@hotmail.com,,,
Harvey Hanson,sjava@verizon.net,,,
Mariana Singh,danneng@gmail.com,,,
Louis Owens,hling@icloud.com,,,
Amaya Reilly,fudrucker@att.net,,,
Alvaro Holt,wonderkid@icloud.com,,,
Adelynn Ochoa,kildjean@outlook.com,,,
Winston Hail,alfred@mac.com,,,
Lainey Jefferson,rjones@aol.com,,,
Raylan Galindo,mglee@aol.com,,,
Corinne Cervantes,inico@yahoo.com,,,
Kamari McIntosh,rfoley@live.com,,,
Gwen Bravo,saridder@hotmail.com,,,
Genesis Marin,michiel@gmail.com,,,
Celia Yu,dsugal@gmail.com,,,
Bryant Bartlett,cremonini@yahoo.com,,,
Aubrielle Murray,chinthaka@comcast.net,,,
Ashton Holmes,eurohack@msn.com,,,
Bailey Pace,aegreene@comcast.net,,,
Dior Dunlap,airship@hotmail.com,,,
Iliana Black,facet@hotmail.com,,,
Matteo Mayo,gumpish@comcast.net,,,
Aarya Jensen,maratb@optonline.net,,,
Cash Horn,haddawy@att.net,,,
Avah Burton,damian@comcast.net,,,
Zander Powers,cosimo@outlook.com,,,
Michelle Felix,payned@gmail.com,,,
Rodney Duncan,gslondon@mac.com,,,
Elise Miles,cgreuter@att.net,,,
Jared Rivera,barlow@msn.com,,,
Lillian Byrd,bebing@sbcglobal.net,,,
Cristian Jacobson,sonnen@aol.com,,,
Royal York,jgmyers@mac.com,,,
Leandro Hebert,jramio@aol.com,,,
Kyleigh Sutton,dexter@yahoo.com,,,
Warren Blake,cumarana@mac.com,,,
Amanda Sullivan,jnolan@outlook.com,,,
Evan Henderson,stellaau@live.com,,,
Maria Pugh,jdhildeb@yahoo.com,,,
Judson Harding,scarlet@yahoo.ca,,,
Aniya Kerr,garyjb@live.com,,,
Louie Kennedy,jaxweb@sbcglobal.net,,,
Brianna Tanner,maradine@comcast.net,,,
Bruno Cohen,barjam@yahoo.com,,,
Destiny Roberts,seurat@aol.com,,,
Josiah Murray,heine@sbcglobal.net,,,
Faith Chandler,drezet@verizon.net,,,
Royal George,ateniese@yahoo.com,,,
Adelyn Bernard,chunzi@verizon.net,,,
Jair Acosta,kjetilk@comcast.net,,,
Kaia Parrish,gastown@me.com,,,
Karsyn Case,bester@aol.com,,,
Cleo Copeland,malin@icloud.com,,,
Axton Cobb,doche@gmail.com,,,
Aviana Pennington,gboss@sbcglobal.net,,,
Bobby Cisneros,bigmauler@sbcglobal.net,,,
Janelle Dixon,sabren@verizon.net,,,
Camden Bush,bdthomas@comcast.net,,,
Everlee Henson,flaviog@live.com,,,
Bellamy Chang,darin@msn.com,,,
Ophelia Dean,sinkou@icloud.com,,,
Ronan Schultz,cliffordj@sbcglobal.net,,,
Briella Jones,mdielmann@verizon.net,,,
William Parrish,gommix@yahoo.ca,,,
Tiana Whitney,oneiros@yahoo.ca,,,
Jeffery Dunn,jigsaw@msn.com,,,
Olive Dominguez,lbaxter@me.com,,,
Kaden Stewart,chinthaka@aol.com,,,
Maya Knapp,scarolan@verizon.net,,,
Boden Rush,goldberg@me.com,,,
Maleah Watts,noodles@hotmail.com,,,
Dakota Benitez,crobles@live.com,,,
Aliza Gould,bflong@yahoo.com,,,
Blaine Little,danzigism@me.com,,,
Harley Pierce,bflong@comcast.net,,,
Nicolas Hood,wilsonpm@live.com,,,
Briana Barber,oevans@comcast.net,,,
Solomon Clay,chlim@hotmail.com,,,
Aliana White,kewley@comcast.net,,,
Aiden Allison,njpayne@verizon.net,,,
Chelsea French,fraterk@aol.com,,,
Corey Wolfe,kramulous@mac.com,,,
Hallie Wood,kmself@hotmail.com,,,
Carson Kramer,enintend@icloud.com,,,
Hanna Liu,sblack@yahoo.ca,,,
Pedro Pearson,jgoerzen@yahoo.com,,,
Kiara Friedman,themer@msn.com,,,
Darwin Rosas,cgreuter@att.net,,,
Joelle Hebert,jsnover@verizon.net,,,
Guillermo Anderson,british@yahoo.ca,,,
Ella Lugo,webinc@yahoo.com,,,
Santos Tate,magusnet@optonline.net,,,
Skye Norris,naoya@msn.com,,,
Cairo Brock,mhoffman@yahoo.ca,,,
Jada Barnett,enintend@gmail.com,,,
Stephen Aguilar,webdragon@outlook.com,,,
Josie Armstrong,world@live.com,,,
Grant Short,smcnabb@icloud.com,,,
Cheyenne Woodard,bmidd@optonline.net,,,
Westley McConnell,mobileip@comcast.net,,,
Denise Pittman,fwiles@comcast.net,,,
Valentino Harding,kohlis@yahoo.ca,,,
Aniya McCormick,lahvak@mac.com,,,
Jasiah Jacobs,sriha@live.com,,,
Camilla Dillon,dbrobins@msn.com,,,
Alvin Church,konst@msn.com,,,
Ayleen Mathis,kodeman@verizon.net,,,
Gustavo Dorsey,scottlee@optonline.net,,,
Addyson Phelps,hutton@yahoo.com,,,
Hamza Carlson,chrisj@outlook.com,,,
Kali Ballard,klaudon@msn.com,,,
Kenzo Houston,ahuillet@optonline.net,,,
Lylah Trujillo,pfitza@optonline.net,,,
Apollo Mercado,webdragon@gmail.com,,,
Mckinley Martin,slanglois@hotmail.com,,,
Mateo Adams,steve@live.com,,,
Stella Lin,leslie@yahoo.ca,,,
Conor Rios,dogdude@outlook.com,,,
Brooke Barron,pfitza@verizon.net,,,
Dustin Norton,barnett@optonline.net,,,
Kylee Newman,mailarc@comcast.net,,,
Anderson Hill,jwarren@gmail.com,,,
Hannah Gregory,ryanshaw@yahoo.com,,,
Travis Huber,ateniese@aol.com,,,
Raquel McMillan,dleconte@att.net,,,
Rocky Watkins,fmtbebuck@yahoo.ca,,,
Lola George,mwitte@att.net,,,
Mark Bentley,pjacklam@verizon.net,,,
Jaylin Spencer,nachbaur@att.net,,,
Ace Pitts,juliano@yahoo.com,,,
Nala Miles,microfab@msn.com,,,
Jared Zhang,jaarnial@icloud.com,,,
Sarai Townsend,paina@live.com,,,
Alexis Conner,webteam@aol.com,,,
Alondra Ahmed,arachne@me.com,,,
Harry Cordova,metzzo@outlook.com,,,
Florence Russo,mschilli@gmail.com,,,
Jamie Good,parksh@comcast.net,,,
Nathalia Rios,anicolao@optonline.net,,,
Israel Dennis,leakin@yahoo.com,,,
Maisie May,jaesenj@hotmail.com,,,
Finley Ray,policies@aol.com,,,
Ruth Cole,portscan@optonline.net,,,
Nathaniel Rosas,jaarnial@optonline.net,,,
Joelle Shaw,kwilliams@mac.com,,,
Elliot Greene,jdhildeb@icloud.com,,,
Selena Abbott,marin@gmail.com,,,
Kohen O’Connell,ylchang@me.com,,,
Jillian Atkins,mahbub@sbcglobal.net,,,
Cason Nolan,engelen@yahoo.com,,,
Itzayana Evans,jgmyers@verizon.net,,,
Elias Franklin,attwood@mac.com,,,
Angela Hancock,chinthaka@msn.com,,,
Rex Campos,choset@yahoo.com,,,
Sutton Andersen,floxy@mac.com,,,
Alistair O’Connell,tlinden@me.com,,,
Jillian Wall,ganter@me.com,,,
Issac Jaramillo,chaffar@live.com,,,
Guadalupe Gilmore,ournews@att.net,,,
Vihaan Dougherty,alastair@sbcglobal.net,,,
Alisson Moody,jsnover@icloud.com,,,
Ryland Tran,pmint@att.net,,,
Kylie Nolan,jespley@att.net,,,
Maximo Delarosa,tokuhirom@aol.com,,,
Iyla Dixon,warrior@me.com,,,
Camden Stevens,munjal@gmail.com,,,
Katherine Wilcox,galbra@icloud.com,,,
Jerry Case,mddallara@yahoo.com,,,
Cleo Ahmed,matloff@verizon.net,,,
Harry Smith,smeier@comcast.net,,,
Olivia Reed,srour@sbcglobal.net,,,
Easton Roman,leocharre@sbcglobal.net,,,
Astrid Flores,crandall@yahoo.ca,,,
Lincoln Ross,madler@icloud.com,,,
Peyton Larson,mxiao@outlook.com,,,
Rafael Bauer,valdez@mac.com,,,
Haley French,carmena@icloud.com,,,
Corey Henry,ajohnson@mac.com,,,
Summer Terry,sassen@me.com,,,
Armani Cannon,morain@sbcglobal.net,,,
Noa Joseph,solomon@hotmail.com,,,
Kyle Stout,morain@mac.com,,,
Chana Grant,sjmuir@gmail.com,,,
Leon Castaneda,hahiss@aol.com,,,
Keira Pham,tbeck@sbcglobal.net,,,
Russell Mahoney,yamla@msn.com,,,
Promise Livingston,psichel@yahoo.com,,,
Ambrose Stephenson,mdielmann@sbcglobal.net,,,
Khaleesi Coleman,danny@gmail.com,,,
Micah Gonzalez,bbirth@yahoo.ca,,,
Abigail Chandler,ngedmond@att.net,,,
Royal Wolfe,leslie@gmail.com,,,
Hallie Henson,frode@msn.com,,,
Bellamy Christian,boomzilla@optonline.net,,,
Anahi Brown,petersko@outlook.com,,,
Elijah Drake,imightb@msn.com,,,
Jayleen Robbins,dgriffith@outlook.com,,,
Finnegan Vargas,world@live.com,,,
Andrea Crawford,heidrich@mac.com,,,
Kevin Arnold,jdhildeb@yahoo.com,,,
Finley Reeves,joglo@icloud.com,,,
Clark Johnston,hmbrand@me.com,,,
Laila Sandoval,zavadsky@att.net,,,
Brantley Ramirez,psharpe@live.com,,,
Grace Eaton,smartfart@icloud.com,,,
Leighton Moon,benits@aol.com,,,
Naya Jones,karasik@live.com,,,
William Hancock,empathy@verizon.net,,,
Katelyn Savage,kmself@optonline.net,,,
Keaton Medrano,stomv@msn.com,,,
Halle Richards,ducasse@yahoo.ca,,,
Holden Meadows,caronni@sbcglobal.net,,,
Pearl Becker,jonadab@me.com,,,
Lawson Peck,schwaang@comcast.net,,,
Crystal Archer,firstpr@me.com,,,
Ephraim Mata,jeffcovey@gmail.com,,,
Lillie Stanton,snunez@live.com,,,
Zyair Brock,sscorpio@outlook.com,,,
Jada Logan,mahbub@aol.com,,,
Rocco Hale,panolex@aol.com,,,
Brinley Pittman,errxn@me.com,,,
Valentino Young,salesgeek@gmail.com,,,
Zoey Suarez,temmink@optonline.net,,,
Soren Bryant,pgolle@outlook.com,,,
Parker Carey,storerm@gmail.com,,,
Watson McKenzie,linuxhack@icloud.com,,,
Briar Bowen,crandall@gmail.com,,,
Trevor Duarte,kempsonc@aol.com,,,
Kynlee Rowland,brainless@icloud.com,,,
Eliezer Wolf,mastinfo@msn.com,,,
Jolene O’Neal,sopwith@sbcglobal.net,,,
Eddie Wilcox,penna@sbcglobal.net,,,
Ashlyn Clarke,library@mac.com,,,
Stetson Sampson,sscorpio@sbcglobal.net,,,
Meilani Keith,empathy@att.net,,,
Jagger Schmitt,kimvette@yahoo.com,,,
Queen Phan,pkilab@sbcglobal.net,,,
Maison Cortes,dodong@aol.com,,,
Lea McLaughlin,nighthawk@verizon.net,,,
Ibrahim Travis,jbailie@hotmail.com,,,
Mazikee Padilla,campware@sbcglobal.net,,,
Jaden Hoffman,dwsauder@yahoo.ca,,,
Aspen Huber,suresh@comcast.net,,,
Mac Guevara,gknauss@comcast.net,,,
Teresa Esquivel,michiel@outlook.com,,,
Bridger Ferguson,lstein@mac.com,,,
Juliana Vance,shaffei@verizon.net,,,
Casen Lara,chrisj@comcast.net,,,
Heidi McLaughlin,overbom@yahoo.ca,,,
Ibrahim Yu,dodong@sbcglobal.net,,,
Navy Chambers,anicolao@outlook.com,,,
Orion Mullen,benanov@att.net,,,
Shay Graham,qrczak@sbcglobal.net,,,
Giovanni Villegas,mhanoh@gmail.com,,,
Jessie Wiggins,rattenbt@msn.com,,,
Azariah Wilkinson,payned@aol.com,,,
Siena Glass,scottzed@live.com,,,
Allan Maddox,markjugg@gmail.com,,,
Zainab Briggs,sartak@mac.com,,,
Case Richards,jandrese@gmail.com,,,
Trinity O’Neal,josephw@icloud.com,,,
Eddie Knapp,lamprecht@msn.com,,,
Linda Durham,houle@yahoo.ca,,,
Kellen Guerrero,henkp@outlook.com,,,
Margot Avila,wayward@live.com,,,
Jaylen McIntosh,miltchev@icloud.com,,,
Gwen Weeks,tbeck@live.com,,,
Anders Donaldson,kodeman@me.com,,,
Natasha Salazar,mchugh@yahoo.com,,,
Brody Daniel,preneel@att.net,,,
Joy Everett,ingolfke@msn.com,,,
Camilo Meadows,corrada@sbcglobal.net,,,
Pearl Costa,drezet@optonline.net,,,
Kenji Farmer,hager@yahoo.ca,,,
Madelynn Hebert,unreal@me.com,,,
Guillermo Higgins,uqmcolyv@att.net,,,
Leighton Knight,improv@outlook.com,,,
Beckett Dixon,munson@att.net,,,
Blakely Kelley,shaffei@me.com,,,
Eric Keith,jespley@icloud.com,,,
Elyse Pittman,dhrakar@yahoo.ca,,,
Valentino Frank,crusader@optonline.net,,,
Dior Stevenson,gboss@sbcglobal.net,,,
Callan Richard,dcoppit@aol.com,,,
Davina Wolf,boomzilla@optonline.net,,,
Jase Kirby,arandal@msn.com,,,
Skyla Vaughan,csilvers@gmail.com,,,
Castiel Clarke,danzigism@att.net,,,
Kaitlyn Roth,amimojo@gmail.com,,,
Roy Stewart,naoya@yahoo.ca,,,
Maya Howell,rfoley@me.com,,,
Bradley Beasley,dartlife@yahoo.com,,,
Jaylah Nixon,dsugal@verizon.net,,,
Cory Stout,konit@live.com,,,
Chana Contreras,specprog@outlook.com,,,
Emilio Armstrong,gknauss@hotmail.com,,,
Presley Nunez,dialworld@sbcglobal.net,,,
Caden Hunt,dprice@gmail.com,,,
Genevieve Stevens,doche@sbcglobal.net,,,
Zachary Weber,lcheng@att.net,,,
Alayah Christensen,ryanvm@gmail.com,,,
Gregory Oliver,lcheng@msn.com,,,
Camille Rich,rohitm@hotmail.com,,,
Miller Keller,hachi@mac.com,,,
Logan Macdonald,nwiger@verizon.net,,,
Hugh Burgess,rfoley@msn.com,,,
Emory Strickland,lamky@gmail.com,,,
Keegan Khan,nichoj@live.com,,,
Mabel Duffy,reziac@yahoo.ca,,,
Kyng Hebert,mobileip@optonline.net,,,
Kyleigh Vincent,marcs@gmail.com,,,
Aarav Hart,juerd@att.net,,,
Gemma Luna,ajohnson@me.com,,,
Erick Payne,wojciech@outlook.com,,,
London Wade,nachbaur@yahoo.ca,,,
Jake Keith,kevinm@live.com,,,
Elyse Hendrix,smcnabb@icloud.com,,,
Korbyn Cohen,wildfire@verizon.net,,,
Destiny Mason,nullchar@me.com,,,
Brandon Flynn,heine@mac.com,,,
Dorothy Gross,luebke@live.com,,,
Quinn Frye,gavinls@me.com,,,
Raya Lewis,arandal@me.com,,,
Wyatt Higgins,seebs@comcast.net,,,
Leighton Nichols,jrifkin@outlook.com,,,
Atlas Frazier,mwitte@hotmail.com,,,
Octavia Alvarez,jsnover@hotmail.com,,,
Xavier Jennings,atmarks@att.net,,,
Palmer Massey,mallanmba@live.com,,,
Donald Mendoza,konit@mac.com,,,
Cora Hodge,tezbo@aol.com,,,
Reign Huynh,jbryan@verizon.net,,,
Oaklee O’Connell,netsfr@comcast.net,,,
Jovanni Macias,stinson@yahoo.com,,,
Adley Gentry,seebs@yahoo.com,,,
Magnus Delgado,thurston@icloud.com,,,
Alani Green,konit@msn.com,,,
Anthony Moyer,webdragon@mac.com,,,
Zola Johns,iamcal@mac.com,,,
Joziah Ramos,mdielmann@hotmail.com,,,
Alice Rivers,lbecchi@yahoo.ca,,,
Bear Huynh,aukjan@me.com,,,
Oaklee Villalobos,gboss@msn.com,,,
Reuben Wallace,leviathan@att.net,,,
Arianna Duke,caronni@yahoo.com,,,
Kalel Carter,harpes@mac.com,,,
Lucy Hill,shang@comcast.net,,,
Isaac Schwartz,mavilar@yahoo.ca,,,
Lilliana Black,wilsonpm@att.net,,,
Matteo Perez,durist@optonline.net,,,
Eleanor Correa,xnormal@me.com,,,
Zakai Cano,mbalazin@me.com,,,
Egypt Aguirre,parrt@verizon.net,,,
Andy Cohen,yxing@icloud.com,,,
Destiny Byrd,jusdisgi@yahoo.com,,,
Cristian Richard,telbij@yahoo.com,,,
Davina Ponce,squirrel@msn.com,,,
Langston Calhoun,lushe@me.com,,,
Thalia Phelps,isaacson@icloud.com,,,
Hamza Villalobos,szymansk@att.net,,,
Zoya Gomez,rbarreira@msn.com,,,
Isaiah Sanchez,rsmartin@gmail.com,,,
Aria Case,mastinfo@verizon.net,,,
Bentlee McMillan,uncled@comcast.net,,,
Oakleigh Guerrero,balchen@sbcglobal.net,,,
Bryce Cano,jfriedl@comcast.net,,,
Egypt Olsen,malattia@yahoo.ca,,,
Skyler Blevins,syncnine@msn.com,,,
Aila Velasquez,madanm@live.com,,,
Sullivan Harrington,mglee@sbcglobal.net,,,
Legacy Jackson,klaudon@live.com,,,
Sebastian Cuevas,scato@aol.com,,,
Adele Nichols,aglassis@comcast.net,,,
Atlas Burch,ajlitt@aol.com,,,
Freyja Henderson,tskirvin@mac.com,,,
Beau Horne,chaki@icloud.com,,,
Marlowe Li,henkp@gmail.com,,,
Jorge Cobb,gator@yahoo.ca,,,
Aviana Gilbert,mjewell@yahoo.ca,,,
Tobias Robbins,dburrows@hotmail.com,,,
Stevie Hunt,stevelim@gmail.com,,,
Jesus Singleton,hampton@gmail.com,,,
Malaysia Fuentes,rupak@verizon.net,,,
Bowen Truong,nichoj@optonline.net,,,
Judith Crane,ournews@me.com,,,
Fox Norman,dpitts@gmail.com,,,
Malani Duncan,vsprintf@hotmail.com,,,
Avery Medrano,crypt@aol.com,,,
Halle Fletcher,duchamp@comcast.net,,,
Jay Serrano,shrapnull@msn.com,,,
Allie Barajas,kramulous@sbcglobal.net,,,
Brennan Singh,goldberg@me.com,,,
Vivienne Peck,kannan@me.com,,,
Yousef Roberts,tokuhirom@yahoo.ca,,,
Paisley Barajas,johnbob@live.com,,,
Brennan Solis,portscan@yahoo.ca,,,
Miracle Noble,scottlee@me.com,,,
Idris Daniels,madler@sbcglobal.net,,,
Ember Gibbs,ehood@icloud.com,,,
Deacon Snyder,khris@aol.com,,,
Callie Hail,irving@yahoo.ca,,,
Hector Campos,chrisj@mac.com,,,
Sutton Morse,hahsler@me.com,,,
Bode Singh,pemungkah@aol.com,,,
Vivienne Esquivel,sonnen@msn.com,,,
Bridger Contreras,osrin@msn.com,,,
Daniela Morse,samavati@me.com,,,
Bode Dixon,majordick@me.com,,,
Blakely Gould,tamas@gmail.com,,,
Blaine Valentine,jguyer@att.net,,,
August Bonilla,netsfr@optonline.net,,,
Aden Dyer,moinefou@yahoo.ca,,,
Estrella McKay,jsnover@live.com,,,
Joey Meadows,dexter@gmail.com,,,
Pearl Barker,geekoid@me.com,,,
Kade Mann,quinn@gmail.com,,,
Paislee McMillan,jgmyers@verizon.net,,,
Rocky Kerr,sjava@comcast.net,,,
Baylee Valencia,kassiesa@yahoo.ca,,,
Dax Hobbs,vsprintf@icloud.com,,,
Lacey Griffin,drhyde@icloud.com,,,
Ayden Richardson,gastown@icloud.com,,,
Allison Harmon,airship@aol.com,,,
Roberto Hinton,morain@att.net,,,
Jaelynn Wu,euice@yahoo.ca,,,
Kyson Young,tubesteak@hotmail.com,,,
Zoey Fitzgerald,doormat@live.com,,,
Peyton Huerta,errxn@me.com,,,
Dulce Campbell,wayward@yahoo.com,,,
Christopher Mueller,balchen@gmail.com,,,
Imani Long,amcuri@msn.com,,,
Jace Johnson,aaribaud@outlook.com,,,
Emma Rice,sopwith@msn.com,,,
Graham English,nasor@me.com,,,
Kelly Chase,snunez@hotmail.com,,,
Otis Swanson,dwsauder@msn.com,,,
Helen Gould,steve@comcast.net,,,
Blaine Jacobson,fangorn@outlook.com,,,
Royal Reilly,msusa@aol.com,,,
Alvaro Meyer,jmgomez@att.net,,,
Sara Li,maradine@comcast.net,,,
Jorge Weber,biglou@yahoo.ca,,,
Alayah Gaines,maradine@msn.com,,,
Talon Skinner,kohlis@sbcglobal.net,,,
Mara Mathews,phish@mac.com,,,
Jamir Moran,rattenbt@yahoo.com,,,
Celeste Brewer,pontipak@verizon.net,,,
Cruz Carrillo,redingtn@mac.com,,,
Kaylani Dickson,philen@hotmail.com,,,
Maxton Mathis,chrwin@gmail.com,,,
Anne Smith,scotfl@me.com,,,
Liam Salgado,grinder@yahoo.com,,,
Avalynn McClure,munjal@gmail.com,,,
Reese Hoffman,phyruxus@gmail.com,,,
Aspen Mayer,mpiotr@mac.com,,,
Yahir Whitney,kewley@hotmail.com,,,
Madalynn Greene,grothoff@outlook.com,,,
Griffin Glenn,epeeist@comcast.net,,,
Blaire Brewer,kludge@outlook.com,,,
Cruz Pitts,seano@aol.com,,,
Nala Vance,lstein@hotmail.com,,,
Casen Holloway,louise@outlook.com,,,
Mae Trevino,markjugg@aol.com,,,
Jaime Floyd,barjam@mac.com,,,
Yaretzi Parks,clkao@hotmail.com,,,
Gianni Quinn,munson@optonline.net,,,
Heaven Rivas,violinhi@comcast.net,,,
Damon Winters,ccohen@mac.com,,,
Kataleya Mathis,stevelim@yahoo.ca,,,
Gustavo Hayden,aegreene@aol.com,,,
Avayah Gray,moonlapse@outlook.com,,,
Nicholas Roman,markjugg@optonline.net,,,
Astrid Dillon,ryanvm@gmail.com,,,
Alvin Torres,loscar@icloud.com,,,
Violet Thornton,gbacon@live.com,,,
Malik Fields,drewf@mac.com,,,
Annie Solis,salesgeek@live.com,,,
Ronin Chung,qrczak@msn.com,,,
Rivka Huynh,netsfr@optonline.net,,,
Layton Combs,madanm@me.com,,,
Irene Velazquez,jipsen@mac.com,,,
Drew Leon,treit@verizon.net,,,
Amora Guerrero,elflord@verizon.net,,,
Bryce Summers,carcus@sbcglobal.net,,,
Frankie McFarland,pgottsch@mac.com,,,
Dane Huff,scotfl@comcast.net,,,
Karsyn James,timlinux@sbcglobal.net,,,
Jaxson Melendez,ngedmond@icloud.com,,,
Bethany Schneider,zilla@sbcglobal.net,,,
Raymond Stanton,phyruxus@outlook.com,,,
Jaycee Best,snunez@optonline.net,,,
Harlem Adkins,mobileip@live.com,,,
Emelia Shields,osaru@verizon.net,,,
Devon Mahoney,lukka@att.net,,,
Promise Carpenter,graham@yahoo.com,,,
Jeremy Lang,harpes@live.com,,,
Amirah Lucero,dbrobins@mac.com,,,
Felipe Neal,pierce@aol.com,,,
Talia Kaur,overbom@mac.com,,,
Augustine Anderson,rnelson@outlook.com,,,
Ella Burke,jandrese@icloud.com,,,
Jax Rocha,bartlett@outlook.com,,,
Emmie Kerr,jespley@verizon.net,,,
Louie Mosley,dbrobins@yahoo.ca,,,
Zaniyah Barajas,jaesenj@sbcglobal.net,,,
Brennan Quinn,aukjan@msn.com,,,
Heaven Crawford,inico@sbcglobal.net,,,
Kevin Lewis,carmena@live.com,,,
Ellie Ross,pgottsch@verizon.net,,,
Wesley Stewart,philen@mac.com,,,
Maya Washington,adhere@yahoo.com,,,
Juan Blankenship,chrisj@hotmail.com,,,
Rosalee Fitzpatrick,ngedmond@yahoo.ca,,,
Blaze Fields,doormat@msn.com,,,
Annie Shah,nasarius@hotmail.com,,,
Zain Hutchinson,wildixon@sbcglobal.net,,,
Jamie Tanner,goresky@optonline.net,,,
Bruno Leon,ngedmond@sbcglobal.net,,,
Amora Webb,nasarius@optonline.net,,,
Lorenzo Washington,dexter@hotmail.com,,,
Valerie Santiago,lahvak@verizon.net,,,
Beckham Rowland,jbryan@sbcglobal.net,,,
Harleigh Bailey,duchamp@gmail.com,,,
Axel Gregory,ivoibs@comcast.net,,,
Alaya Shannon,sburke@outlook.com,,,
Eliel Norman,overbom@verizon.net,,,
Malani Bowen,nullchar@gmail.com,,,
Trevor Golden,neonatus@gmail.com,,,
Giuliana Delgado,slanglois@verizon.net,,,
Colt Scott,kohlis@verizon.net,,,
Aurora Rich,padme@hotmail.com,,,
Miller Clarke,paina@outlook.com,,,
Kaitlyn Peters,burns@mac.com,,,
Patrick Gutierrez,matthijs@live.com,,,
Savannah Maddox,crowl@yahoo.com,,,
Lyric Keith,kayvonf@verizon.net,,,
Elyse Graves,liedra@verizon.net,,,
Cesar Martinez,lridener@sbcglobal.net,,,
Harper Harvey,wagnerch@me.com,,,
Cayden Lynn,cliffordj@sbcglobal.net,,,
Samira Mendoza,fhirsch@msn.com,,,
Dominic Rojas,mglee@yahoo.ca,,,
Adaline Chan,gilmoure@mac.com,,,
Frank Diaz,stevelim@hotmail.com,,,
Elena O’Connell,intlprog@yahoo.com,,,
Jovanni Dejesus,aprakash@gmail.com,,,
Julissa Parrish,arathi@msn.com,,,
Karsyn Weber,hermes@gmail.com,,,
Alayah Rich,pavel@aol.com,,,
Miller Stokes,amichalo@live.com,,,
Miranda Schwartz,hoangle@live.com,,,
Edwin Montgomery,forsberg@verizon.net,,,
Evangeline Newman,drhyde@yahoo.ca,,,
Anderson Beil,pthomsen@yahoo.ca,,,
Itzel Lewis,cgarcia@mac.com,,,
Wyatt McKee,wiseb@outlook.com,,,
Kori Woodard,jschauma@sbcglobal.net,,,
Westley Bullock,skajan@yahoo.com,,,
Winnie Bradley,frostman@mac.com,,,
Richard Baldwin,kudra@aol.com,,,
Esmeralda Mays,dwsauder@yahoo.ca,,,
Jadiel Arroyo,wkrebs@hotmail.com,,,
Kyra Barton,mthurn@yahoo.com,,,
Cassius Bautista,bryanw@live.com,,,
Antonella Boone,scotfl@yahoo.com,,,
Mauricio Garza,tedrlord@icloud.com,,,
River Mendez,fbriere@me.com,,,
Arthur Alvarado,skippy@optonline.net,,,
Blake Clay,catalog@live.com,,,
Yosef Corona,parksh@live.com,,,
Marianna Page,shawnce@me.com,,,
Pablo Riley,rhialto@comcast.net,,,
Kayla Gibbs,kawasaki@msn.com,,,
Deacon Dennis,boser@yahoo.com,,,
Maisie Fuller,isotopian@gmail.com,,,
Andre Rodgers,heine@yahoo.ca,,,
Selah Stokes,starstuff@msn.com,,,
Santana Reid,wainwrig@optonline.net,,,
Charlee George,tokuhirom@live.com,,,
Mark Robinson,aegreene@aol.com,,,
Nora Newman,anicolao@optonline.net,,,
Anderson McCoy,konit@me.com,,,
Mckenzie Sparks,delpino@mac.com,,,
Drake Chambers,keutzer@comcast.net,,,
Makayla Bridges,saridder@yahoo.com,,,
Mohammed Zhang,garland@mac.com,,,
Sarai Martin,mwandel@optonline.net,,,
Mateo Jacobson,tbmaddux@att.net,,,
Royal Christian,reziac@comcast.net,,,
Ledger Thompson,jbryan@yahoo.ca,,,
Madison Wright,helger@yahoo.ca,,,
Grayson Fuentes,joglo@sbcglobal.net,,,
Madeleine Greer,sethbrown@att.net,,,
Koda Ramsey,kidehen@optonline.net,,,
Lyric Owens,mlewan@yahoo.ca,,,
Adriel Medrano,bmidd@verizon.net,,,
Halle Koch,grolschie@sbcglobal.net,,,
Salvador Riley,leocharre@hotmail.com,,,
Kayla Hodge,fwiles@hotmail.com,,,
Reign Davila,darin@optonline.net,,,
Rayne Villanueva,mdielmann@verizon.net,,,
Huxley Green,solomon@outlook.com,,,
Zoe Rice,bigmauler@icloud.com,,,
Graham Potter,world@live.com,,,
Rory Wright,bolow@att.net,,,
Grayson Guerra,heroine@msn.com,,,
Edith Figueroa,grdschl@aol.com,,,
Spencer Felix,stern@aol.com,,,
Paisleigh Harmon,paina@live.com,,,
Roberto Moon,mchugh@att.net,,,
Naya Pratt,joglo@yahoo.ca,,,
Rowen Hart,claesjac@comcast.net,,,
Gemma Griffith,attwood@live.com,,,
Franklin Mullins,dbanarse@aol.com,,,
Maliyah Roach,facet@att.net,,,
Caspian Rosales,jkegl@me.com,,,
Kinley Strickland,kdawson@yahoo.com,,,
Keegan Meadows,jgoerzen@me.com,,,
Pearl Lugo,evans@msn.com,,,
Santos Vaughn,attwood@comcast.net,,,
Reign Leach,weidai@outlook.com,,,
Westin Allison,stakasa@msn.com,,,
Chelsea Stafford,keutzer@verizon.net,,,
Alfredo Black,carmena@optonline.net,,,
Molly Richardson,tattooman@optonline.net,,,
Robert Olsen,vmalik@gmail.com,,,
Oaklyn Pugh,novanet@live.com,,,
Judson Collins,bigmauler@att.net,,,
Kinsley Russell,bbirth@yahoo.ca,,,
Weston Cooper,stefano@live.com,,,
Serenity Norton,fukuchi@gmail.com,,,
Callen Case,lstaf@comcast.net,,,
Cleo Avila,grdschl@comcast.net,,,
Jaylen Davenport,harryh@att.net,,,
Adrianna McCall,szymansk@att.net,,,
Kiaan Fleming,reeds@live.com,,,
Fatima Wall,baveja@msn.com,,,
Issac Ryan,ajohnson@me.com,,,
Morgan Clay,goldberg@att.net,,,
Yosef Williamson,ilikered@att.net,,,
Catherine Barker,jaffe@verizon.net,,,
Kade Stein,gboss@sbcglobal.net,,,
Leilany Horne,joelw@optonline.net,,,
Zev Myers,demmel@aol.com,,,
Lydia Ortiz,epeeist@yahoo.ca,,,
Landon Berry,kostas@msn.com,,,
Annabelle Orr,subir@yahoo.ca,,,
Benicio Doyle,fglock@live.com,,,
Annalise Gibbs,yamla@att.net,,,
Deacon Schroeder,jbearp@yahoo.ca,,,
Cameron Steele,peterhoeg@att.net,,,
Elian Leon,stevelim@yahoo.com,,,
Amora Drake,sagal@yahoo.com,,,
Jalen Vaughn,engelen@gmail.com,,,
Reign Roy,squirrel@msn.com,,,
Marcelo Hodges,hling@aol.com,,,
Eve Wall,chronos@mac.com,,,
Issac Mayo,dbrobins@sbcglobal.net,,,
Aarya Clarke,redingtn@gmail.com,,,
Stetson McMillan,hager@icloud.com,,,
Oakleigh Gibbs,crowemojo@gmail.com,,,
Deacon Banks,noahb@optonline.net,,,
Cali Truong,howler@optonline.net,,,
Ayan Jaramillo,harryh@yahoo.ca,,,
Guadalupe Rowland,sopwith@msn.com,,,
Eliezer Beil,amcuri@aol.com,,,
Itzel Terry,philen@comcast.net,,,
Armani Hunter,jaarnial@msn.com,,,
Khloe Porter,chaikin@msn.com,,,
Rhett Pratt,mwilson@msn.com,,,
Ailani Roberson,chaki@me.com,,,
Shepherd Lara,fraterk@sbcglobal.net,,,
Heidi Shepherd,chlim@att.net,,,
Ronald Stark,mgreen@msn.com,,,
Kamilah Koch,denism@sbcglobal.net,,,
Salvador Houston,drewf@live.com,,,
Lylah Valdez,jipsen@msn.com,,,
Kyler Rasmussen,conteb@gmail.com,,,
Esperanza Valdez,flaviog@me.com,,,
Kyler Freeman,punkis@icloud.com,,,
Norah Deleon,clkao@att.net,,,
Nasir Benton,madler@live.com,,,
Anais Glenn,parkes@hotmail.com,,,
Zaid Montoya,crowl@att.net,,,
Kamryn McGee,leakin@yahoo.com,,,
Conner Gordon,petersen@me.com,,,
Taylor Simpson,bhima@yahoo.com,,,
Elliott Adams,jbuchana@icloud.com,,,
Stella Gardner,muadip@yahoo.ca,,,
Alan Mullen,formis@optonline.net,,,